filename,width,height,class,xmin,ymin,xmax,ymax
343_tung.jpg,720,1280,3,170,578,252,739
343_tung.jpg,720,1280,4,259,582,337,739
343_tung.jpg,720,1280,3,350,578,423,735
344_tung.jpg,720,1280,3,195,548,263,699
344_tung.jpg,720,1280,4,278,550,355,697
344_tung.jpg,720,1280,4,357,552,437,705
346_tung.jpg,720,1280,3,161,586,246,759
346_tung.jpg,720,1280,4,255,578,329,748
346_tung.jpg,720,1280,6,331,582,427,748
363_AlNasser.jpg,3024,4032,3,1315,1031,1496,1394
363_AlNasser.jpg,3024,4032,6,1521,1037,1683,1400
363_AlNasser.jpg,3024,4032,3,1702,1019,1890,1394
364_AlNasser.jpg,3024,4032,3,1508,1744,1665,2025
364_AlNasser.jpg,3024,4032,6,1671,1744,1796,2025
364_AlNasser.jpg,3024,4032,4,1815,1744,1952,2025
365_AlNasser.jpg,3024,4032,3,1546,1350,1746,1706
365_AlNasser.jpg,3024,4032,6,1746,1362,1915,1706
365_AlNasser.jpg,3024,4032,5,1946,1362,2121,1731
366_AlNasser.jpg,3024,4032,3,1458,1787,1627,2119
366_AlNasser.jpg,3024,4032,6,1621,1800,1771,2119
366_AlNasser.jpg,3024,4032,6,1777,1800,1933,2131
366_AlNasser_1.jpg,3024,4032,3,1327,1255,1503,1569
366_AlNasser_1.jpg,3024,4032,6,1508,1262,1658,1562
366_AlNasser_1.jpg,3024,4032,6,1652,1262,1858,1569
372_AlNasser.jpg,3024,4032,3,1408,2362,1577,2781
372_AlNasser.jpg,3024,4032,7,1615,2387,1771,2800
372_AlNasser.jpg,3024,4032,2,1790,2381,2002,2800
374_tung.jpg,720,1280,3,195,550,274,706
374_tung.jpg,720,1280,7,280,554,361,712
374_tung.jpg,720,1280,4,363,550,442,720
376_AlNasser.jpg,3024,4032,3,1540,1531,1708,1906
376_AlNasser.jpg,3024,4032,7,1721,1562,1865,1900
376_AlNasser.jpg,3024,4032,6,1852,1575,2027,1906
376_AlNasser_1.jpg,3024,4032,3,1683,1337,1896,1781
376_AlNasser_1.jpg,3024,4032,7,1940,1350,2102,1787
376_AlNasser_1.jpg,3024,4032,6,2121,1356,2327,1781
378_AlNasser.jpg,3024,4032,3,1315,2294,1483,2656
378_AlNasser.jpg,3024,4032,7,1521,2294,1652,2669
378_AlNasser.jpg,3024,4032,8,1640,2300,1852,2669
379_AlNasser.jpg,3024,4032,3,1065,1487,1346,1950
379_AlNasser.jpg,3024,4032,7,1352,1450,1552,1931
379_AlNasser.jpg,3024,4032,9,1590,1456,1771,1931
383_AlNasser.jpg,3024,4032,3,1233,1619,1508,2169
383_AlNasser.jpg,3024,4032,8,1515,1656,1783,2144
383_AlNasser.jpg,3024,4032,3,1790,1619,2071,2125
385_AlNasser.jpg,3024,4032,3,1227,1012,1533,1562
385_AlNasser.jpg,3024,4032,8,1496,1069,1790,1537
385_AlNasser.jpg,3024,4032,5,1808,1112,2071,1581
387_AlNasser.jpg,3024,4032,3,1421,2556,1627,2937
387_AlNasser.jpg,3024,4032,8,1615,2550,1808,2925
387_AlNasser.jpg,3024,4032,7,1815,2544,1971,2925
389_AlNasser.jpg,3024,4032,3,1358,1725,1496,2069
389_AlNasser.jpg,3024,4032,8,1496,1744,1665,2062
389_AlNasser.jpg,3024,4032,9,1658,1737,1833,2069
389_AlNasser_1.jpg,3024,4032,3,1477,2519,1683,2937
389_AlNasser_1.jpg,3024,4032,8,1671,2512,1852,2937
389_AlNasser_1.jpg,3024,4032,9,1877,2500,2046,2949
390_AlNasser.jpg,3024,4032,3,1165,2169,1365,2600
390_AlNasser.jpg,3024,4032,9,1352,2156,1552,2606
390_AlNasser.jpg,3024,4032,0,1571,2144,1746,2625
391_AlNasser.jpg,3024,4032,3,1458,2562,1621,2956
391_AlNasser.jpg,3024,4032,9,1615,2581,1802,2956
391_AlNasser.jpg,3024,4032,1,1865,2562,1996,2944
392_AlNasser.jpg,3024,4032,3,1421,1762,1565,2100
392_AlNasser.jpg,3024,4032,9,1571,1762,1721,2106
392_AlNasser.jpg,3024,4032,2,1727,1756,1896,2119
398_AlNasser.jpg,3024,4032,3,1283,1737,1477,2087
398_AlNasser.jpg,3024,4032,9,1471,1750,1621,2075
398_AlNasser.jpg,3024,4032,8,1627,1737,1783,2106
398_AlNasser_1.jpg,3024,4032,3,1615,1862,1821,2381
398_AlNasser_1.jpg,3024,4032,9,1827,1887,2027,2387
398_AlNasser_1.jpg,3024,4032,8,2040,1900,2277,2394
399_AlNasser.jpg,3024,4032,3,1090,2175,1302,2612
399_AlNasser.jpg,3024,4032,9,1296,2144,1490,2606
399_AlNasser.jpg,3024,4032,9,1490,2144,1734,2594
409_AlNasser.jpg,3024,4032,4,1077,2437,1252,2862
409_AlNasser.jpg,3024,4032,0,1240,2444,1465,2862
409_AlNasser.jpg,3024,4032,9,1465,2450,1702,2856
411_AlNasser.jpg,3024,4032,4,1215,2150,1465,2619
411_AlNasser.jpg,3024,4032,1,1527,2137,1664,2631
411_AlNasser.jpg,3024,4032,1,1740,2181,1902,2631
421_AlNasser.jpg,3024,4032,4,1358,1450,1546,1837
421_AlNasser.jpg,3024,4032,2,1540,1450,1727,1831
421_AlNasser.jpg,3024,4032,1,1733,1469,1921,1831
425_AlNasser.jpg,3024,4032,4,1171,1481,1352,1806
425_AlNasser.jpg,3024,4032,2,1346,1487,1477,1831
425_AlNasser.jpg,3024,4032,5,1502,1494,1646,1825
428_AlNasser.jpg,3024,4032,4,1208,1700,1427,2106
428_AlNasser.jpg,3024,4032,2,1421,1687,1577,2087
428_AlNasser.jpg,3024,4032,8,1583,1706,1777,2087
429_AlNasser.jpg,3024,4032,4,1390,1112,1608,1431
429_AlNasser.jpg,3024,4032,2,1590,1075,1771,1456
429_AlNasser.jpg,3024,4032,9,1765,1056,1952,1462
432_AlNasser.jpg,3024,4032,4,1033,2275,1283,2700
432_AlNasser.jpg,3024,4032,3,1283,2287,1490,2706
432_AlNasser.jpg,3024,4032,2,1483,2244,1696,2700
438_AlNasser.jpg,3024,4032,4,1215,981,1465,1487
438_AlNasser.jpg,3024,4032,3,1471,962,1721,1519
438_AlNasser.jpg,3024,4032,8,1715,981,2002,1487
442_AlNasser.jpg,3024,4032,4,1396,1856,1596,2219
442_AlNasser.jpg,3024,4032,4,1577,1881,1758,2206
442_AlNasser.jpg,3024,4032,2,1758,1844,1952,2231
443_AlNasser.jpg,3024,4032,4,1115,1544,1396,1944
443_AlNasser.jpg,3024,4032,4,1390,1525,1608,1950
443_AlNasser.jpg,3024,4032,3,1583,1500,1852,1962
444_tung.jpg,720,1280,4,201,555,297,706
444_tung.jpg,720,1280,4,301,552,372,697
444_tung.jpg,720,1280,4,384,559,459,708
445_AlNasser.jpg,3024,4032,4,1502,1306,1702,1631
445_AlNasser.jpg,3024,4032,4,1702,1300,1852,1650
445_AlNasser.jpg,3024,4032,5,1846,1312,1990,1637
447_AlNasser.jpg,3024,4032,4,958,1631,1146,1956
447_AlNasser.jpg,3024,4032,4,1127,1662,1296,1950
447_AlNasser.jpg,3024,4032,7,1265,1656,1421,1956
454_AlNasser.jpg,3024,4032,4,1583,1950,1752,2300
454_AlNasser.jpg,3024,4032,5,1758,1944,1921,2319
454_AlNasser.jpg,3024,4032,4,1908,1919,2121,2325
454_AlNasser_1.jpg,3024,4032,4,1427,2344,1652,2737
454_AlNasser_1.jpg,3024,4032,4,1827,2369,2008,2706
454_AlNasser_1.jpg,3024,4032,5,1646,2344,1833,2744
456_AlNasser.jpg,3024,4032,4,1515,1419,1808,1956
456_AlNasser.jpg,3024,4032,5,1808,1431,2077,1956
456_AlNasser.jpg,3024,4032,6,2052,1412,2340,1950
457_AlNasser.jpg,3024,4032,4,1371,2219,1596,2656
457_AlNasser.jpg,3024,4032,5,1583,2212,1771,2637
457_AlNasser.jpg,3024,4032,7,1771,2212,1971,2612
462_AlNasser.jpg,3024,4032,4,1127,2162,1333,2537
462_AlNasser.jpg,3024,4032,6,1315,2125,1565,2556
462_AlNasser.jpg,3024,4032,2,1533,2112,1777,2544
465_AlNasser.jpg,3024,4032,4,1315,2294,1502,2675
465_AlNasser.jpg,3024,4032,6,1490,2281,1652,2662
465_AlNasser.jpg,3024,4032,5,1652,2275,1840,2662
465_AlNasser_1.jpg,3024,4032,4,1533,2394,1746,2800
465_AlNasser_1.jpg,3024,4032,6,1727,2406,1933,2800
465_AlNasser_1.jpg,3024,4032,5,1902,2406,2127,2769
465_tung.jpg,720,1280,4,184,565,218,639
465_tung.jpg,720,1280,6,220,567,257,642
465_tung.jpg,720,1280,5,265,563,295,639
467_tung.jpg,720,1280,4,235,505,270,580
467_tung.jpg,720,1280,6,272,505,304,567
467_tung.jpg,720,1280,7,304,503,344,571
468_AlNasser.jpg,3024,4032,4,1090,2150,1302,2562
468_AlNasser.jpg,3024,4032,6,1308,2125,1496,2550
468_AlNasser.jpg,3024,4032,8,1508,2119,1721,2575
474_AlNasser.jpg,3024,4032,4,1065,1319,1302,1769
474_AlNasser.jpg,3024,4032,7,1333,1281,1527,1787
474_AlNasser.jpg,3024,4032,4,1558,1256,1802,1756
474_AlNasser_1.jpg,3024,4032,4,1571,2356,1771,2750
474_AlNasser_1.jpg,3024,4032,7,1777,2394,1971,2750
474_AlNasser_1.jpg,3024,4032,4,1971,2369,2177,2731
474_Xiang.jpg,1080,1440,4,119,552,200,696
474_Xiang.jpg,1080,1440,7,208,556,279,688
474_Xiang.jpg,1080,1440,4,288,555,362,695
474_Xiang_1.jpg,1080,1440,4,320,616,374,725
474_Xiang_1.jpg,1080,1440,7,373,618,427,712
474_Xiang_1.jpg,1080,1440,4,427,618,479,705
474_Xiang_2.jpg,1080,1440,4,320,604,379,705
474_Xiang_2.jpg,1080,1440,7,377,601,423,696
474_Xiang_2.jpg,1080,1440,4,427,610,473,698
477_tung.jpg,720,1280,4,229,589,269,659
477_tung.jpg,720,1280,7,272,586,304,657
477_tung.jpg,720,1280,7,299,584,344,657
478_AlNasser.jpg,3024,4032,4,1521,2387,1733,2787
478_AlNasser.jpg,3024,4032,7,1721,2406,1927,2787
478_AlNasser.jpg,3024,4032,8,1896,2412,2083,2794
479_AlNasser.jpg,3024,4032,4,1371,2138,1633,2513
479_AlNasser.jpg,3024,4032,7,1627,2106,1846,2581
479_AlNasser.jpg,3024,4032,9,1815,2119,2077,2556
479_Xiang.jpg,1080,1440,4,651,556,719,681
479_Xiang.jpg,1080,1440,7,727,558,790,682
479_Xiang.jpg,1080,1440,9,794,556,860,684
480_tung.jpg,720,1280,4,238,642,291,723
480_tung.jpg,720,1280,8,291,640,329,716
480_tung.jpg,720,1280,0,333,642,378,718
481_Xiang.jpg,1080,1440,4,477,528,546,637
481_Xiang.jpg,1080,1440,8,541,529,605,632
481_Xiang.jpg,1080,1440,1,627,522,670,636
481_Xiang_1.jpg,1080,1440,4,338,639,378,722
481_Xiang_1.jpg,1080,1440,8,378,630,429,722
481_Xiang_1.jpg,1080,1440,1,451,634,476,728
482_Xiang.jpg,1080,1440,4,479,606,533,696
482_Xiang.jpg,1080,1440,8,528,598,572,690
482_Xiang.jpg,1080,1440,2,575,601,625,690
483_Xiang.jpg,1080,1440,4,505,621,546,702
483_Xiang.jpg,1080,1440,8,547,617,594,698
483_Xiang.jpg,1080,1440,3,595,616,635,703
483_Xiang_1.jpg,1080,1440,4,518,522,578,631
483_Xiang_1.jpg,1080,1440,8,576,514,642,631
483_Xiang_1.jpg,1080,1440,3,644,509,703,629
484_AlNasser.jpg,3024,4032,4,1433,1875,1621,2275
484_AlNasser.jpg,3024,4032,8,1615,1875,1796,2262
484_AlNasser.jpg,3024,4032,4,1783,1881,2015,2237
484_tung.jpg,720,1280,4,170,597,227,703
484_tung.jpg,720,1280,8,231,599,284,706
484_tung.jpg,720,1280,4,295,605,348,706
486_AlNasser.jpg,3024,4032,4,1058,1512,1371,1925
486_AlNasser.jpg,3024,4032,8,1371,1462,1596,1956
486_AlNasser.jpg,3024,4032,6,1602,1456,1802,1931
486_tung.jpg,720,1280,4,40,450,97,576
486_tung.jpg,720,1280,8,99,452,167,593
486_tung.jpg,720,1280,6,163,461,231,603
486_Xiang.jpg,1080,1440,4,487,595,533,675
486_Xiang.jpg,1080,1440,8,530,596,574,675
486_Xiang.jpg,1080,1440,6,577,596,616,676
488_Xiang.jpg,1080,1440,4,499,617,539,694
488_Xiang.jpg,1080,1440,8,540,616,588,696
488_Xiang.jpg,1080,1440,8,586,614,630,695
489_tung.jpg,720,1280,4,150,471,214,546
489_tung.jpg,720,1280,8,206,463,252,544
489_tung.jpg,720,1280,9,240,448,293,542
489_Xiang.jpg,1080,1440,4,388,541,471,687
489_Xiang.jpg,1080,1440,8,471,550,539,687
489_Xiang.jpg,1080,1440,9,547,545,611,696
491_Xiang.jpg,1080,1440,4,498,524,561,641
491_Xiang.jpg,1080,1440,9,564,521,610,634
491_Xiang.jpg,1080,1440,1,631,521,681,632
492_AlNasser.jpg,3024,4032,4,1446,1437,1696,1894
492_AlNasser.jpg,3024,4032,9,1677,1437,1952,1919
492_AlNasser.jpg,3024,4032,2,1933,1437,2215,1925
492_tung.jpg,720,1280,4,89,488,140,584
492_tung.jpg,720,1280,9,137,486,186,586
492_tung.jpg,720,1280,2,187,488,235,599
493_AlNasser.jpg,3024,4032,4,1558,1619,1727,1956
493_AlNasser.jpg,3024,4032,9,1708,1637,1915,1969
493_AlNasser.jpg,3024,4032,3,1883,1644,2083,1975
494_Xiang.jpg,1080,1440,4,451,502,525,644
494_Xiang.jpg,1080,1440,9,531,507,594,636
494_Xiang.jpg,1080,1440,4,597,508,662,645
495_Xiang.jpg,1080,1440,4,337,648,391,736
495_Xiang.jpg,1080,1440,9,392,646,436,738
495_Xiang.jpg,1080,1440,5,439,647,482,737
497_tung.jpg,720,1280,4,191,497,240,610
497_tung.jpg,720,1280,9,237,495,289,595
497_tung.jpg,720,1280,7,286,495,342,608
497_Xiang.jpg,1080,1440,4,499,614,550,699
497_Xiang.jpg,1080,1440,9,552,613,593,699
497_Xiang.jpg,1080,1440,7,597,615,639,693
497_Xiang_1.jpg,1080,1440,4,364,651,416,734
497_Xiang_1.jpg,1080,1440,9,421,649,461,739
497_Xiang_1.jpg,1080,1440,7,470,644,514,737
498_Xiang.jpg,1080,1440,4,420,480,494,587
498_Xiang.jpg,1080,1440,9,499,474,558,580
498_Xiang.jpg,1080,1440,8,561,473,613,587
499_AlNasser.jpg,3024,4032,4,1383,1937,1571,2275
499_AlNasser.jpg,3024,4032,9,1533,1956,1746,2312
499_AlNasser.jpg,3024,4032,9,1733,1950,1927,2300
499_Xiang.jpg,1080,1440,4,394,496,469,623
499_Xiang.jpg,1080,1440,9,482,495,547,639
499_Xiang.jpg,1080,1440,9,551,497,618,633
499_Xiang_1.jpg,1080,1440,4,459,573,521,688
499_Xiang_1.jpg,1080,1440,9,523,574,577,681
499_Xiang_1.jpg,1080,1440,9,588,569,640,684
500_AlNasser.jpg,3024,4032,5,1623,1831,1754,2100
500_AlNasser.jpg,3024,4032,0,1746,1812,1881,2100
500_AlNasser.jpg,3024,4032,0,1873,1812,2012,2092
500_tung.jpg,720,1280,5,152,542,203,661
500_tung.jpg,720,1280,0,208,546,255,663
500_tung.jpg,720,1280,0,253,548,316,663
500_Xiang.jpg,1080,1440,5,486,589,527,675
500_Xiang.jpg,1080,1440,0,527,592,574,671
500_Xiang.jpg,1080,1440,0,576,590,619,673
501_tung.jpg,720,1280,5,157,427,203,535
501_tung.jpg,720,1280,0,206,439,259,537
501_tung.jpg,720,1280,1,274,446,306,546
501_Xiang.jpg,1080,1440,5,452,457,501,583
501_Xiang.jpg,1080,1440,0,510,468,565,581
501_Xiang.jpg,1080,1440,1,594,470,635,584
502_Xiang.jpg,1080,1440,5,449,605,489,689
502_Xiang.jpg,1080,1440,0,490,610,534,690
502_Xiang.jpg,1080,1440,2,538,608,583,695
503_Xiang.jpg,1080,1440,5,533,501,608,641
503_Xiang.jpg,1080,1440,0,607,501,691,648
503_Xiang.jpg,1080,1440,3,691,504,760,655
504_AlNasser.jpg,3024,4032,5,1188,1966,1414,2461
504_AlNasser.jpg,3024,4032,0,1430,1992,1662,2471
504_AlNasser.jpg,3024,4032,4,1672,1987,1935,2434
504_tung.jpg,720,1280,5,253,461,304,565
504_tung.jpg,720,1280,0,304,469,348,578
504_tung.jpg,720,1280,4,350,480,412,576
506_Xiang.jpg,1080,1440,5,619,542,679,668
506_Xiang.jpg,1080,1440,0,676,539,748,679
506_Xiang.jpg,1080,1440,6,754,542,820,687
508_AlNasser.jpg,3024,4032,5,1546,2277,1714,2661
508_AlNasser.jpg,3024,4032,0,1709,2303,1904,2645
508_AlNasser.jpg,3024,4032,8,1893,2303,2109,2666
508_Xiang.jpg,1080,1440,5,471,484,547,636
508_Xiang.jpg,1080,1440,0,557,481,636,635
508_Xiang.jpg,1080,1440,8,639,481,711,632
509_AlNasser.jpg,3024,4032,5,1246,2345,1483,2808
509_AlNasser.jpg,3024,4032,0,1514,2350,1740,2803
509_AlNasser.jpg,3024,4032,9,1762,2319,2009,2798
510_Xiang.jpg,1080,1440,5,468,602,510,684
510_Xiang.jpg,1080,1440,1,527,603,559,680
510_Xiang.jpg,1080,1440,0,557,598,601,681
511_tung.jpg,720,1280,5,310,463,361,572
511_tung.jpg,720,1280,1,363,471,408,569
511_tung.jpg,720,1280,1,404,474,474,578
511_Xiang.jpg,1080,1440,5,345,682,384,760
511_Xiang.jpg,1080,1440,1,401,685,426,753
511_Xiang.jpg,1080,1440,1,441,681,463,749
512_AlNasser.jpg,3024,4032,5,1298,1219,1556,1771
512_AlNasser.jpg,3024,4032,1,1667,1261,1814,1755
512_AlNasser.jpg,3024,4032,2,1819,1245,2072,1745
512_Xiang.jpg,1080,1440,5,507,568,571,692
512_Xiang.jpg,1080,1440,1,591,570,639,698
512_Xiang.jpg,1080,1440,2,643,572,702,698
513_Xiang.jpg,1080,1440,5,327,655,370,750
513_Xiang.jpg,1080,1440,1,389,658,421,744
513_Xiang.jpg,1080,1440,3,424,651,467,744
514_tung.jpg,720,1280,5,214,540,263,616
514_tung.jpg,720,1280,1,261,540,303,608
514_tung.jpg,720,1280,4,297,533,342,610
514_Xiang.jpg,1080,1440,5,334,489,397,616
514_Xiang.jpg,1080,1440,1,420,501,460,610
514_Xiang.jpg,1080,1440,4,466,497,520,610
515_AlNasser.jpg,3024,4032,5,1386,1831,1591,2199
515_AlNasser.jpg,3024,4032,1,1596,1850,1793,2208
515_AlNasser.jpg,3024,4032,5,1790,1862,1977,2224
515_Xiang.jpg,1080,1440,5,539,554,600,671
515_Xiang.jpg,1080,1440,1,626,563,659,667
515_Xiang.jpg,1080,1440,5,670,558,724,670
517_Xiang_!.jpg,1080,1440,5,398,505,458,630
517_Xiang_!.jpg,1080,1440,1,487,510,551,641
517_Xiang_!.jpg,1080,1440,7,547,505,611,633
518_AlNasser.jpg,3024,4032,5,1302,1481,1558,2006
518_AlNasser.jpg,3024,4032,1,1583,1500,1833,2000
518_AlNasser.jpg,3024,4032,8,1815,1506,2096,2012
518_AlNasser_1.jpg,3024,4032,5,1227,1650,1440,2112
518_AlNasser_1.jpg,3024,4032,1,1490,1700,1658,2087
518_AlNasser_1.jpg,3024,4032,8,1621,1687,1852,2056
518_tung.jpg,720,1280,5,167,559,257,746
518_tung.jpg,720,1280,1,272,565,337,727
518_tung.jpg,720,1280,8,348,561,453,731
518_Xiang.jpg,1080,1440,5,519,516,587,645
518_Xiang.jpg,1080,1440,1,602,530,648,636
518_Xiang.jpg,1080,1440,8,645,522,702,647
518_Xiang_1.jpg,1080,1440,5,448,462,536,601
518_Xiang_1.jpg,1080,1440,1,557,475,605,599
518_Xiang_1.jpg,1080,1440,8,613,462,676,607
519_Xiang.jpg,1080,1440,5,490,572,559,716
519_Xiang.jpg,1080,1440,1,602,587,647,722
519_Xiang.jpg,1080,1440,9,655,588,722,728
520_AlNasser.jpg,3024,4032,5,1304,1827,1408,2073
520_AlNasser.jpg,3024,4032,2,1400,1831,1542,2073
520_AlNasser.jpg,3024,4032,0,1523,1827,1665,2069
520_tung.jpg,720,1280,5,203,799,244,905
520_tung.jpg,720,1280,2,253,810,295,906
520_tung.jpg,720,1280,0,297,823,357,922
520_Xiang.jpg,1080,1440,5,319,624,367,714
520_Xiang.jpg,1080,1440,2,367,624,419,715
520_Xiang.jpg,1080,1440,0,420,622,467,718
521_AlNasser.jpg,3024,4032,5,1252,2069,1490,2569
521_AlNasser.jpg,3024,4032,2,1477,2094,1733,2550
521_AlNasser.jpg,3024,4032,1,1765,2106,1965,2550
522_Xiang.jpg,1080,1440,5,444,410,524,570
522_Xiang.jpg,1080,1440,2,524,405,610,576
522_Xiang.jpg,1080,1440,2,610,416,691,585
523_AlNasser.jpg,3024,4032,5,1427,1206,1608,1575
523_AlNasser.jpg,3024,4032,2,1583,1237,1808,1587
523_AlNasser.jpg,3024,4032,3,1790,1231,1965,1606
523_AlNasser_1.jpg,3024,4032,5,1302,2106,1483,2500
523_AlNasser_1.jpg,3024,4032,2,1465,2100,1690,2462
523_AlNasser_1.jpg,3024,4032,3,1640,2144,1896,2487
523_Xiang.jpg,1080,1440,5,378,704,418,776
523_Xiang.jpg,1080,1440,2,421,704,455,770
523_Xiang.jpg,1080,1440,3,460,702,494,772
523_Xiang_1.jpg,1080,1440,5,470,568,559,727
523_Xiang_1.jpg,1080,1440,2,561,579,628,732
523_Xiang_1.jpg,1080,1440,3,628,584,702,730
524_AlNasser.jpg,3024,4032,5,1271,1606,1527,2112
524_AlNasser.jpg,3024,4032,2,1521,1600,1827,2137
524_AlNasser.jpg,3024,4032,4,1846,1600,2096,2144
525_AlNasser.jpg,3024,4032,5,696,1944,946,2481
525_AlNasser.jpg,3024,4032,2,983,1944,1221,2500
525_AlNasser.jpg,3024,4032,5,1221,1944,1477,2456
525_tung.jpg,720,1280,5,114,572,167,678
525_tung.jpg,720,1280,2,169,582,223,686
525_tung.jpg,720,1280,5,216,589,284,697
526_tung.jpg,720,1280,5,263,546,310,640
526_tung.jpg,720,1280,2,301,555,359,654
526_tung.jpg,720,1280,6,353,563,420,652
526_Xiang.jpg,1080,1440,5,330,487,422,641
526_Xiang.jpg,1080,1440,2,419,488,490,641
526_Xiang.jpg,1080,1440,6,499,495,559,627
527_AlNasser.jpg,3024,4032,5,1190,1706,1446,2200
527_AlNasser.jpg,3024,4032,2,1421,1737,1702,2194
527_AlNasser.jpg,3024,4032,7,1671,1756,1940,2219
528_AlNasser.jpg,3024,4032,5,1321,1219,1515,1606
528_AlNasser.jpg,3024,4032,2,1515,1237,1715,1587
528_AlNasser.jpg,3024,4032,8,1677,1231,1908,1587
528_Xiang.jpg,1080,1440,5,327,334,379,455
528_Xiang.jpg,1080,1440,2,388,335,449,462
528_Xiang.jpg,1080,1440,8,458,336,519,456
529_Xiang.jpg,1080,1440,5,344,485,388,618
529_Xiang.jpg,1080,1440,2,394,484,454,615
529_Xiang.jpg,1080,1440,9,461,493,514,609
529_Xiang_1.jpg,1080,1440,5,459,543,531,682
529_Xiang_1.jpg,1080,1440,2,541,547,615,689
529_Xiang_1.jpg,1080,1440,9,618,550,695,694
530_tung.jpg,720,1280,5,259,616,291,714
530_tung.jpg,720,1280,3,293,627,346,710
530_tung.jpg,720,1280,0,333,635,382,720
531_AlNasser.jpg,3024,4032,5,1358,1900,1571,2325
531_AlNasser.jpg,3024,4032,3,1577,1912,1790,2319
531_AlNasser.jpg,3024,4032,1,1777,1919,2021,2356
532_AlNasser.jpg,3024,4032,5,1283,2056,1465,2381
532_AlNasser.jpg,3024,4032,3,1440,2069,1583,2381
532_AlNasser.jpg,3024,4032,2,1565,2062,1752,2375
532_AlNasser_1.jpg,3024,4032,5,1290,1925,1458,2287
532_AlNasser_1.jpg,3024,4032,3,1471,1906,1652,2275
532_AlNasser_1.jpg,3024,4032,2,1646,1925,1796,2294
532_AlNasser_2.jpg,3024,4032,5,1177,2275,1396,2700
532_AlNasser_2.jpg,3024,4032,3,1408,2313,1602,2669
532_AlNasser_2.jpg,3024,4032,2,1571,2287,1790,2687
532_tung.jpg,720,1280,5,176,412,238,505
532_tung.jpg,720,1280,3,235,406,299,512
532_tung.jpg,720,1280,2,286,423,355,520
532_Xiang.jpg,1080,1440,5,365,496,439,630
532_Xiang.jpg,1080,1440,3,439,501,501,630
532_Xiang.jpg,1080,1440,2,504,502,564,630
532_Xiang_1.jpg,1080,1440,5,339,373,398,512
532_Xiang_1.jpg,1080,1440,3,411,382,465,515
532_Xiang_1.jpg,1080,1440,2,470,375,530,516
533_AlNasser.jpg,3024,4032,5,1331,2296,1454,2531
533_AlNasser.jpg,3024,4032,3,1454,2308,1565,2523
533_AlNasser.jpg,3024,4032,3,1558,2300,1688,2527
533_AlNasser_1.jpg,3024,4032,5,1215,1525,1415,1994
533_AlNasser_1.jpg,3024,4032,3,1446,1519,1646,1994
533_AlNasser_1.jpg,3024,4032,3,1640,1537,1902,1975
533_AlNasser_2.jpg,3024,4032,5,1108,1537,1290,1919
533_AlNasser_2.jpg,3024,4032,3,1302,1562,1496,1944
533_AlNasser_2.jpg,3024,4032,3,1465,1569,1683,1944
533_Xiang.jpg,1080,1440,5,571,455,634,590
533_Xiang.jpg,1080,1440,3,642,456,705,588
533_Xiang.jpg,1080,1440,3,704,453,774,601
535_AlNasser.jpg,3024,4032,5,1127,1937,1321,2312
535_AlNasser.jpg,3024,4032,3,1327,1931,1502,2306
535_AlNasser.jpg,3024,4032,5,1496,1950,1708,2300
535_tung.jpg,720,1280,5,295,480,348,582
535_tung.jpg,720,1280,3,337,482,389,580
535_tung.jpg,720,1280,5,382,488,437,586
536_AlNasser.jpg,3024,4032,5,1115,1644,1296,2012
536_AlNasser.jpg,3024,4032,3,1302,1656,1483,2006
536_AlNasser.jpg,3024,4032,6,1465,1662,1633,2037
536_Xiang.jpg,1080,1440,5,484,429,550,572
536_Xiang.jpg,1080,1440,3,559,429,639,574
536_Xiang.jpg,1080,1440,6,634,432,708,578
536_Xiang_1.jpg,1080,1440,5,317,608,374,713
536_Xiang_1.jpg,1080,1440,3,381,612,423,708
536_Xiang_1.jpg,1080,1440,6,429,615,472,704
536_Xiang_2.jpg,3456,4608,5,1577,1960,1751,2400
536_Xiang_2.jpg,3456,4608,3,1777,1947,1984,2393
536_Xiang_2.jpg,3456,4608,6,1981,1980,2191,2393
536_Xiang_3.jpg,3456,4608,5,1284,1826,1510,2242
536_Xiang_3.jpg,3456,4608,3,1558,1824,1732,2258
536_Xiang_3.jpg,3456,4608,6,1744,1828,1942,2266
537_tung.jpg,720,1280,5,86,527,150,629
537_tung.jpg,720,1280,3,144,531,197,640
537_tung.jpg,720,1280,7,201,539,255,637
538_tung.jpg,720,1280,5,123,472,186,567
538_tung.jpg,720,1280,3,180,474,237,572
538_tung.jpg,720,1280,8,212,488,282,578
539_Xiang.jpg,1080,1440,5,404,453,473,608
539_Xiang.jpg,1080,1440,3,487,461,554,616
539_Xiang.jpg,1080,1440,9,559,468,633,615
540_Xiang.jpg,1080,1440,5,304,543,390,664
540_Xiang.jpg,1080,1440,4,390,547,450,657
540_Xiang.jpg,1080,1440,0,445,542,503,658
540_Xiang_1.jpg,1080,1440,5,554,382,610,522
540_Xiang_1.jpg,1080,1440,4,621,385,699,527
540_Xiang_1.jpg,1080,1440,0,694,379,771,541
541_AlNasser.jpg,3024,4032,5,1077,1844,1333,2362
541_AlNasser.jpg,3024,4032,4,1358,1881,1621,2337
541_AlNasser.jpg,3024,4032,1,1690,1881,1883,2350
541_Xiang.jpg,1080,1440,5,529,538,585,666
541_Xiang.jpg,1080,1440,4,592,548,654,655
541_Xiang.jpg,1080,1440,1,673,549,725,658
542_tung.jpg,720,1280,5,304,472,372,580
542_tung.jpg,720,1280,4,367,476,420,578
542_tung.jpg,720,1280,2,412,478,482,584
543_tung.jpg,720,1280,5,116,367,174,491
543_tung.jpg,720,1280,4,172,365,238,493
543_tung.jpg,720,1280,3,237,374,303,491
544_AlNasser.jpg,3024,4032,5,1196,1544,1408,1981
544_AlNasser.jpg,3024,4032,4,1446,1569,1677,1981
544_AlNasser.jpg,3024,4032,4,1671,1575,1908,1962
544_tung.jpg,720,1280,5,186,552,246,646
544_tung.jpg,720,1280,4,242,550,297,648
544_tung.jpg,720,1280,4,293,559,350,648
545_tung.jpg,720,1280,5,161,514,223,618
545_tung.jpg,720,1280,4,227,510,272,610
545_tung.jpg,720,1280,5,272,505,321,608
546_AlNasser.jpg,3024,4032,5,1471,1862,1621,2225
546_AlNasser.jpg,3024,4032,4,1652,1875,1827,2231
546_AlNasser.jpg,3024,4032,6,1783,1887,2002,2250
546_tung.jpg,720,1280,5,150,486,199,601
546_tung.jpg,720,1280,4,203,491,261,599
546_tung.jpg,720,1280,6,255,489,331,601
547_AlNasser.jpg,3024,4032,5,1415,1312,1621,1737
547_AlNasser.jpg,3024,4032,4,1633,1325,1802,1700
547_AlNasser.jpg,3024,4032,7,1796,1306,1958,1694
549_tung.jpg,720,1280,5,199,474,253,591
549_tung.jpg,720,1280,4,257,474,312,593
549_tung.jpg,720,1280,9,306,486,372,599
551_Xiang.jpg,1080,1440,5,386,693,425,764
551_Xiang.jpg,1080,1440,5,427,693,463,759
551_Xiang.jpg,1080,1440,1,477,694,504,754
552_Xiang.jpg,1080,1440,5,381,705,424,788
552_Xiang.jpg,1080,1440,5,420,706,455,776
552_Xiang.jpg,1080,1440,2,456,705,496,780
553_Xiang.jpg,1080,1440,5,353,686,393,756
553_Xiang.jpg,1080,1440,5,393,686,425,753
553_Xiang.jpg,1080,1440,3,434,681,467,756
553_Xiang_1.jpg,1080,1440,5,373,496,450,639
553_Xiang_1.jpg,1080,1440,5,451,495,527,647
553_Xiang_1.jpg,1080,1440,3,530,499,599,653
554_AlNasser.jpg,3024,4032,5,1265,1444,1446,1869
554_AlNasser.jpg,3024,4032,5,1483,1469,1646,1881
554_AlNasser.jpg,3024,4032,4,1690,1456,1877,1887
555_AlNasser.jpg,3024,4032,5,1171,2637,1415,3131
555_AlNasser.jpg,3024,4032,5,1458,2625,1671,3137
555_AlNasser.jpg,3024,4032,5,1683,2631,1946,3125
556_AlNasser.jpg,3024,4032,5,933,2094,1158,2569
556_AlNasser.jpg,3024,4032,5,1152,2112,1377,2550
556_AlNasser.jpg,3024,4032,6,1352,2100,1602,2569
558_Xiang.jpg,1080,1440,5,413,521,485,648
558_Xiang.jpg,1080,1440,5,485,522,554,655
558_Xiang.jpg,1080,1440,8,562,528,625,659
558_Xiang_1.jpg,1080,1440,5,270,482,336,620
558_Xiang_1.jpg,1080,1440,5,338,485,399,610
558_Xiang_1.jpg,1080,1440,8,404,483,464,607
559_AlNasser.jpg,3024,4032,5,1358,2300,1552,2756
559_AlNasser.jpg,3024,4032,5,1552,2344,1783,2737
559_AlNasser.jpg,3024,4032,9,1783,2325,2021,2781
559_Xiang.jpg,1080,1440,5,318,628,379,753
559_Xiang.jpg,1080,1440,5,388,629,445,757
559_Xiang.jpg,1080,1440,9,456,630,511,756
560_AlNasser.jpg,3024,4032,5,1646,1894,1808,2306
560_AlNasser.jpg,3024,4032,6,1808,1912,2008,2300
560_AlNasser.jpg,3024,4032,0,1990,1931,2252,2319
560_AlNasser_1.jpg,3024,4032,5,1474,1782,1616,2041
560_AlNasser_1.jpg,3024,4032,6,1630,1780,1768,2041
560_AlNasser_1.jpg,3024,4032,0,1768,1771,1893,2046
562_AlNasser.jpg,3024,4032,5,1283,1787,1496,2225
562_AlNasser.jpg,3024,4032,6,1502,1775,1746,2250
562_AlNasser.jpg,3024,4032,2,1765,1781,1971,2244
564_AlNasser.jpg,3024,4032,5,1190,2462,1396,2819
564_AlNasser.jpg,3024,4032,6,1402,2456,1577,2831
564_AlNasser.jpg,3024,4032,4,1577,2456,1771,2825
564_AlNasser_1.jpg,3024,4032,5,1427,1587,1583,1900
564_AlNasser_1.jpg,3024,4032,6,1565,1587,1727,1887
564_AlNasser_1.jpg,3024,4032,4,1733,1581,1896,1887
565_tung.jpg,720,1280,5,210,522,250,633
565_tung.jpg,720,1280,6,246,529,306,627
565_tung.jpg,720,1280,5,297,542,353,633
566_AlNasser.jpg,3024,4032,5,1240,2150,1446,2650
566_AlNasser.jpg,3024,4032,6,1446,2175,1690,2650
566_AlNasser.jpg,3024,4032,6,1690,2181,1915,2650
566_tung.jpg,720,1280,5,238,491,293,567
566_tung.jpg,720,1280,6,282,488,327,576
566_tung.jpg,720,1280,6,318,489,363,571
567_AlNasser.jpg,3024,4032,5,1440,1850,1621,2256
567_AlNasser.jpg,3024,4032,6,1633,1850,1858,2256
567_AlNasser.jpg,3024,4032,7,1858,1856,2052,2250
568_AlNasser.jpg,3024,4032,5,1402,1856,1558,2212
568_AlNasser.jpg,3024,4032,6,1565,1856,1758,2225
568_AlNasser.jpg,3024,4032,8,1733,1881,1933,2237
568_tung.jpg,720,1280,5,204,486,267,595
568_tung.jpg,720,1280,6,259,486,308,597
568_tung.jpg,720,1280,8,308,488,384,605
571_AlNasser.jpg,3024,4032,5,1165,1794,1352,2225
571_AlNasser.jpg,3024,4032,7,1377,1800,1590,2219
571_AlNasser.jpg,3024,4032,1,1640,1819,1777,2237
572_tung.jpg,720,1280,5,84,420,148,527
572_tung.jpg,720,1280,7,150,423,201,520
572_tung.jpg,720,1280,2,193,423,252,544
572_Xiang.jpg,1080,1440,5,388,654,454,778
572_Xiang.jpg,1080,1440,7,460,653,514,776
572_Xiang.jpg,1080,1440,2,519,654,583,783
573_tung.jpg,720,1280,5,187,506,267,618
573_tung.jpg,720,1280,7,253,518,304,616
573_tung.jpg,720,1280,3,303,525,355,622
573_Xiang.jpg,1080,1440,5,435,590,479,681
573_Xiang.jpg,1080,1440,7,485,595,527,683
573_Xiang.jpg,1080,1440,3,527,594,578,678
574_AlNasser.jpg,3024,4032,5,1202,1587,1390,2037
574_AlNasser.jpg,3024,4032,7,1446,1606,1652,2050
574_AlNasser.jpg,3024,4032,4,1658,1612,1902,2062
575_tung.jpg,720,1280,5,203,471,255,584
575_tung.jpg,720,1280,7,259,474,304,578
575_tung.jpg,720,1280,5,299,484,355,589
575_Xiang.jpg,1080,1440,5,392,693,427,766
575_Xiang.jpg,1080,1440,7,430,692,468,761
575_Xiang.jpg,1080,1440,5,467,689,500,759
577_AlNasser.jpg,3024,4032,5,1496,1756,1677,2112
577_AlNasser.jpg,3024,4032,7,1702,1762,1833,2106
577_AlNasser.jpg,3024,4032,7,1852,1769,2021,2106
577_AlNasser_1.jpg,3024,4032,5,1302,2556,1546,2969
577_AlNasser_1.jpg,3024,4032,7,1558,2562,1783,2981
577_AlNasser_1.jpg,3024,4032,7,1783,2556,2008,2994
577_tung.jpg,720,1280,5,69,495,142,622
577_tung.jpg,720,1280,7,146,499,206,612
577_tung.jpg,720,1280,7,199,501,265,629
578_tung.jpg,720,1280,5,233,435,280,540
578_tung.jpg,720,1280,7,282,435,331,542
578_tung.jpg,720,1280,8,331,439,393,533
579_AlNasser.jpg,3024,4032,5,1465,1669,1708,2112
579_AlNasser.jpg,3024,4032,7,1733,1662,1940,2125
579_AlNasser.jpg,3024,4032,9,1940,1650,2171,2150
579_Xiang.jpg,1080,1440,5,508,479,576,608
579_Xiang.jpg,1080,1440,7,582,487,647,615
579_Xiang.jpg,1080,1440,9,653,487,708,618
580_tung.jpg,720,1280,5,153,518,218,616
580_tung.jpg,720,1280,8,206,522,269,623
580_tung.jpg,720,1280,0,259,523,321,635
580_Xiang.jpg,1080,1440,5,313,548,381,673
580_Xiang.jpg,1080,1440,8,379,544,435,668
580_Xiang.jpg,1080,1440,0,439,548,492,666
581_tung.jpg,720,1280,5,229,535,272,620
581_tung.jpg,720,1280,8,269,544,329,631
581_tung.jpg,720,1280,1,321,557,389,637
584_tung.jpg,720,1280,5,216,572,263,672
584_tung.jpg,720,1280,8,265,567,308,663
584_tung.jpg,720,1280,4,314,571,361,667
585_AlNasser.jpg,3024,4032,5,1602,2557,1743,2852
585_AlNasser.jpg,3024,4032,8,1755,2580,1905,2855
585_AlNasser.jpg,3024,4032,5,1905,2563,2060,2857
588_AlNasser.jpg,3024,4032,5,1490,1987,1677,2412
588_AlNasser.jpg,3024,4032,8,1683,1987,1908,2425
588_AlNasser.jpg,3024,4032,8,1877,1994,2140,2431
588_tung.jpg,720,1280,5,201,565,255,659
588_tung.jpg,720,1280,8,257,552,303,667
588_tung.jpg,720,1280,8,297,559,338,663
589_Xiang.jpg,1080,1440,5,428,602,487,742
589_Xiang.jpg,1080,1440,8,494,602,567,741
589_Xiang.jpg,1080,1440,9,567,604,639,752
590_Xiang.jpg,1080,1440,5,326,688,367,764
590_Xiang.jpg,1080,1440,9,364,683,401,752
590_Xiang.jpg,1080,1440,0,401,685,440,750
590_Xiang_1.jpg,1080,1440,5,474,599,545,742
590_Xiang_1.jpg,1080,1440,9,547,605,605,724
590_Xiang_1.jpg,1080,1440,0,598,598,673,742
591_AlNasser.jpg,3024,4032,5,1171,2244,1365,2631
591_AlNasser.jpg,3024,4032,9,1383,2225,1590,2650
591_AlNasser.jpg,3024,4032,1,1621,2250,1765,2619
591_AlNasser_1.jpg,3024,4032,5,1383,1856,1565,2275
591_AlNasser_1.jpg,3024,4032,9,1590,1869,1833,2294
591_AlNasser_1.jpg,3024,4032,1,1858,1887,2033,2256
591_tung.jpg,720,1280,5,80,506,131,595
591_tung.jpg,720,1280,9,129,503,182,593
591_tung.jpg,720,1280,1,197,501,240,591
593_AlNasser.jpg,3024,4032,5,1271,2344,1508,2681
593_AlNasser.jpg,3024,4032,9,1515,2325,1696,2700
593_AlNasser.jpg,3024,4032,3,1715,2306,1877,2681
593_tung.jpg,720,1280,5,148,454,214,559
593_tung.jpg,720,1280,9,208,469,261,559
593_tung.jpg,720,1280,3,259,471,321,571
594_AlNasser.jpg,3024,4032,5,1227,1894,1440,2350
594_AlNasser.jpg,3024,4032,9,1483,1875,1708,2356
594_AlNasser.jpg,3024,4032,4,1733,1844,1965,2356
595_tung.jpg,720,1280,5,176,695,242,833
595_tung.jpg,720,1280,9,242,699,304,835
595_tung.jpg,720,1280,5,312,691,365,829
597_tung.jpg,720,1280,5,174,580,231,705
597_tung.jpg,720,1280,9,221,580,295,710
597_tung.jpg,720,1280,7,295,569,369,710
598_tung.jpg,720,1280,5,101,376,172,499
598_tung.jpg,720,1280,9,167,388,229,503
598_tung.jpg,720,1280,8,221,388,286,505
599_tung.jpg,720,1280,5,246,631,286,727
599_tung.jpg,720,1280,9,287,629,331,725
599_tung.jpg,720,1280,9,329,631,365,723
600_Xiang.jpg,1080,1440,6,475,513,549,643
600_Xiang.jpg,1080,1440,0,553,518,610,636
600_Xiang.jpg,1080,1440,0,614,518,672,638
601_Xiang.jpg,3456,4608,6,1150,2089,1455,2709
601_Xiang.jpg,3456,4608,0,1455,2119,1690,2679
601_Xiang.jpg,3456,4608,1,1850,2179,2045,2674
604_tung.jpg,720,1280,6,148,433,208,555
604_tung.jpg,720,1280,0,208,435,265,552
604_tung.jpg,720,1280,4,265,427,320,539
608_AlNasser.jpg,3024,4032,6,1465,1625,1646,1956
608_AlNasser.jpg,3024,4032,0,1652,1612,1815,1956
608_AlNasser.jpg,3024,4032,8,1808,1644,1996,1956
609_AlNasser.jpg,3024,4032,6,1546,2019,1733,2462
609_AlNasser.jpg,3024,4032,0,1758,2031,1983,2444
609_AlNasser.jpg,3024,4032,9,1971,2012,2196,2444
611_AlNasser.jpg,3024,4032,6,1390,1212,1621,1606
611_AlNasser.jpg,3024,4032,1,1665,1225,1846,1587
611_AlNasser.jpg,3024,4032,1,1858,1219,1958,1581
611_Xiang.jpg,3456,4608,6,1938,1158,2165,1638
611_Xiang.jpg,3456,4608,1,2265,1213,2420,1623
611_Xiang.jpg,3456,4608,1,2510,1218,2678,1635
613_AlNasser.jpg,3024,4032,6,1071,1781,1390,2300
613_AlNasser.jpg,3024,4032,1,1458,1794,1621,2281
613_AlNasser.jpg,3024,4032,3,1646,1756,1858,2325
614_AlNasser.jpg,3024,4032,6,1415,2200,1590,2506
614_AlNasser.jpg,3024,4032,1,1638,2238,1735,2504
614_AlNasser.jpg,3024,4032,4,1731,2227,1877,2508
614_tung.jpg,720,1280,6,153,631,246,750
614_tung.jpg,720,1280,1,253,633,301,750
614_tung.jpg,720,1280,4,293,635,357,752
616_AlNasser.jpg,3024,4032,6,1365,1837,1583,2306
616_AlNasser.jpg,3024,4032,1,1671,1869,1827,2312
616_AlNasser.jpg,3024,4032,6,1815,1844,2071,2319
617_AlNasser.jpg,3024,4032,6,1296,1662,1490,2106
617_AlNasser.jpg,3024,4032,1,1577,1637,1752,2106
617_AlNasser.jpg,3024,4032,7,1740,1631,1965,2106
617_Xiang.jpg,1080,1440,6,396,561,481,719
617_Xiang.jpg,1080,1440,1,516,573,564,702
617_Xiang.jpg,1080,1440,7,564,565,647,704
618_AlNasser.jpg,3024,4032,6,1315,1619,1540,2050
618_AlNasser.jpg,3024,4032,1,1596,1656,1771,2050
618_AlNasser.jpg,3024,4032,8,1765,1631,2015,2056
619_AlNasser.jpg,3024,4032,6,1640,1300,1833,1631
619_AlNasser.jpg,3024,4032,1,1896,1337,1996,1625
619_AlNasser.jpg,3024,4032,9,1990,1294,2140,1644
624_AlNasser.jpg,3024,4032,6,1465,2237,1671,2706
624_AlNasser.jpg,3024,4032,2,1696,2225,1946,2700
624_AlNasser.jpg,3024,4032,4,1933,2225,2152,2687
624_xiang.jpg,1080,1440,6,305,674,345,753
624_xiang.jpg,1080,1440,2,348,674,390,748
624_xiang.jpg,1080,1440,4,383,670,429,739
625_AlNasser.jpg,3024,4032,6,1408,1725,1627,2131
625_AlNasser.jpg,3024,4032,2,1658,1725,1852,2125
625_AlNasser.jpg,3024,4032,5,1840,1719,2071,2131
625_AlNasser_1.jpg,3024,4032,6,1452,1419,1627,1737
625_AlNasser_1.jpg,3024,4032,2,1627,1400,1808,1712
625_AlNasser_1.jpg,3024,4032,5,1777,1406,1971,1719
626_AlNasser.jpg,3024,4032,6,1577,1531,1833,2062
626_AlNasser.jpg,3024,4032,2,1840,1519,2115,2062
626_AlNasser.jpg,3024,4032,6,2121,1500,2408,2050
627_tung.jpg,720,1280,6,110,374,182,484
627_tung.jpg,720,1280,2,172,386,244,499
627_tung.jpg,720,1280,7,235,395,299,505
628_tung.jpg,720,1280,6,137,467,186,584
628_tung.jpg,720,1280,2,184,472,233,586
628_tung.jpg,720,1280,8,233,465,293,591
628_Xiang.jpg,1080,1440,6,364,547,448,693
628_Xiang.jpg,1080,1440,2,452,549,528,689
628_Xiang.jpg,1080,1440,8,525,552,606,695
628_Xiang_1.jpg,3456,4608,6,1160,1649,1495,2244
628_Xiang_1.jpg,3456,4608,2,1545,1644,1840,2239
628_Xiang_1.jpg,3456,4608,8,1830,1634,2165,2279
629_AlNasser.jpg,3024,4032,6,1190,2375,1427,2919
629_AlNasser.jpg,3024,4032,2,1465,2375,1752,2925
629_AlNasser.jpg,3024,4032,9,1758,2350,2052,2944
633_AlNasser.jpg,3024,4032,6,1090,2106,1358,2594
633_AlNasser.jpg,3024,4032,3,1383,2062,1633,2606
633_AlNasser.jpg,3024,4032,3,1627,2062,1883,2581
635_Xiang.jpg,3456,4608,6,1086,2296,1282,2671
635_Xiang.jpg,3456,4608,3,1287,2304,1471,2641
635_Xiang.jpg,3456,4608,5,1494,2296,1661,2644
638_AlNasser.jpg,3024,4032,6,1477,1562,1696,2006
638_AlNasser.jpg,3024,4032,3,1727,1575,1921,2012
638_AlNasser.jpg,3024,4032,8,1921,1575,2152,1994
638_tung.jpg,720,1280,6,38,499,106,605
638_tung.jpg,720,1280,3,108,495,157,603
638_tung.jpg,720,1280,8,157,505,218,612
639_AlNasser_1.jpg,3024,4032,6,1446,1394,1608,1769
639_AlNasser_1.jpg,3024,4032,3,1615,1406,1790,1769
639_AlNasser_1.jpg,3024,4032,8,1796,1419,1958,1762
639_Xiang.jpg,3456,4608,6,1355,1594,1590,2114
639_Xiang.jpg,3456,4608,3,1622,1617,1884,2102
639_Xiang.jpg,3456,4608,9,1894,1629,2137,2114
641_AlNasser.jpg,3024,4032,6,1683,1681,1821,2000
641_AlNasser.jpg,3024,4032,4,1852,1656,2027,1981
641_AlNasser.jpg,3024,4032,1,2033,1644,2165,1969
642_AlNasser.jpg,3024,4032,6,1577,1237,1752,1581
642_AlNasser.jpg,3024,4032,4,1783,1219,1933,1594
642_AlNasser.jpg,3024,4032,3,1940,1219,2140,1581
642_tung.jpg,720,1280,6,187,593,237,701
642_tung.jpg,720,1280,4,235,586,289,691
642_tung.jpg,720,1280,2,287,586,338,697
644_AlNasser.jpg,3024,4032,6,1308,2269,1577,2687
644_AlNasser.jpg,3024,4032,4,1590,2275,1815,2706
644_AlNasser.jpg,3024,4032,4,1802,2281,2002,2706
645_AlNasser.jpg,3024,4032,6,1458,1862,1627,2187
645_AlNasser.jpg,3024,4032,4,1646,1862,1790,2181
645_AlNasser.jpg,3024,4032,5,1783,1862,1940,2175
648_AlNasser.jpg,3024,4032,6,1308,2000,1490,2387
648_AlNasser.jpg,3024,4032,4,1508,1969,1690,2400
648_AlNasser.jpg,3024,4032,8,1696,1950,1896,2425
649_AlNasser.jpg,3024,4032,6,1396,1262,1627,1644
649_AlNasser.jpg,3024,4032,4,1621,1269,1808,1631
649_AlNasser.jpg,3024,4032,9,1808,1275,1983,1631
649_Xiang.jpg,1080,1440,6,328,522,408,655
649_Xiang.jpg,1080,1440,4,414,526,482,650
649_Xiang.jpg,1080,1440,9,484,531,550,661
654_AlNasser.jpg,3024,4032,6,1265,2175,1527,2731
654_AlNasser.jpg,3024,4032,5,1533,2175,1833,2731
654_AlNasser.jpg,3024,4032,4,1815,2175,2108,2725
656_AlNasser.jpg,3024,4032,6,1677,1362,1927,1919
656_AlNasser.jpg,3024,4032,5,1952,1375,2221,1931
656_AlNasser.jpg,3024,4032,6,2215,1362,2546,1925
656_AlNasser_1.jpg,3024,4032,6,1415,1819,1665,2325
656_AlNasser_1.jpg,3024,4032,5,1690,1800,1933,2325
656_AlNasser_1.jpg,3024,4032,6,1933,1800,2208,2306
657_tung.jpg,720,1280,6,214,374,269,471
657_tung.jpg,720,1280,5,261,359,306,455
657_tung.jpg,720,1280,7,295,346,355,439
661_AlNasser.jpg,3024,4032,6,1165,1687,1340,2025
661_AlNasser.jpg,3024,4032,6,1352,1700,1540,2006
661_AlNasser.jpg,3024,4032,1,1552,1700,1671,2012
662_AlNasser.jpg,3024,4032,6,1308,1856,1458,2156
662_AlNasser.jpg,3024,4032,6,1471,1875,1633,2169
662_AlNasser.jpg,3024,4032,2,1602,1856,1771,2181
662_Xiang.jpg,1080,1440,6,468,698,514,798
662_Xiang.jpg,1080,1440,6,518,699,567,790
662_Xiang.jpg,1080,1440,2,571,701,623,794
663_AlNasser.jpg,3024,4032,6,1596,2069,1790,2394
663_AlNasser.jpg,3024,4032,6,1802,2050,1952,2400
663_AlNasser.jpg,3024,4032,3,1965,2056,2115,2387
663_AlNasser_1.jpg,3024,4032,6,1340,2044,1596,2494
663_AlNasser_1.jpg,3024,4032,6,1615,2019,1858,2506
663_AlNasser_1.jpg,3024,4032,3,1858,2031,2083,2519
664_Xiang.jpg,1080,1440,6,325,718,357,779
664_Xiang.jpg,1080,1440,6,355,713,392,773
664_Xiang.jpg,1080,1440,4,391,716,422,765
666_Xiang.jpg,1080,1440,6,327,475,391,610
666_Xiang.jpg,1080,1440,6,397,481,461,601
666_Xiang.jpg,1080,1440,6,461,478,516,599
668_Xiang.jpg,3456,4608,6,1435,2094,1690,2629
668_Xiang.jpg,3456,4608,6,1700,2109,1950,2624
668_Xiang.jpg,3456,4608,8,1920,2149,2260,2619
669_AlNasser.jpg,3024,4032,6,1040,1456,1221,1831
669_AlNasser.jpg,3024,4032,6,1221,1450,1440,1831
669_AlNasser.jpg,3024,4032,9,1421,1450,1627,1850
669_Xiang.jpg,1080,1440,6,384,536,450,705
669_Xiang.jpg,1080,1440,6,463,545,524,696
669_Xiang.jpg,1080,1440,9,529,552,614,693
671_Xiang.jpg,1080,1440,6,502,577,563,677
671_Xiang.jpg,1080,1440,7,568,572,625,665
671_Xiang.jpg,1080,1440,1,641,578,681,663
671_Xiang_1.jpg,1080,1440,6,499,576,568,672
671_Xiang_1.jpg,1080,1440,7,568,570,627,672
671_Xiang_1.jpg,1080,1440,1,639,572,685,664
673_Xiang.jpg,1080,1440,6,331,596,407,739
673_Xiang.jpg,1080,1440,7,408,596,494,741
673_Xiang.jpg,1080,1440,3,485,585,559,744
677_AlNasser.jpg,3024,4032,6,1533,1356,1683,1675
677_AlNasser.jpg,3024,4032,7,1708,1344,1858,1662
677_AlNasser.jpg,3024,4032,7,1871,1350,1996,1669
679_AlNasser.jpg,3024,4032,6,1527,1406,1715,1706
679_AlNasser.jpg,3024,4032,7,1721,1400,1883,1719
679_AlNasser.jpg,3024,4032,9,1871,1381,2021,1719
680_tung.jpg,720,1280,6,125,620,218,786
680_tung.jpg,720,1280,8,223,612,299,774
680_tung.jpg,720,1280,0,304,616,393,789
683_AlNasser.jpg,3024,4032,6,1133,1600,1371,2112
683_AlNasser.jpg,3024,4032,8,1396,1594,1665,2119
683_AlNasser.jpg,3024,4032,3,1646,1600,1915,2106
683_Xiang.jpg,1080,1440,6,322,673,368,757
683_Xiang.jpg,1080,1440,8,361,677,402,750
683_Xiang.jpg,1080,1440,3,405,673,438,746
687_AlNasser.jpg,3024,4032,6,1352,1894,1502,2219
687_AlNasser.jpg,3024,4032,8,1508,1887,1690,2225
687_AlNasser.jpg,3024,4032,7,1683,1881,1840,2225
688_AlNasser.jpg,3024,4032,6,1183,2137,1371,2525
688_AlNasser.jpg,3024,4032,8,1390,2144,1596,2525
688_AlNasser.jpg,3024,4032,8,1596,2150,1808,2519
690_AlNasser.jpg,3024,4032,6,833,1750,958,2056
690_AlNasser.jpg,3024,4032,9,983,1769,1121,2062
690_AlNasser.jpg,3024,4032,0,1115,1762,1283,2081
691_AlNasser.jpg,3024,4032,6,1565,1419,1690,1731
691_AlNasser.jpg,3024,4032,9,1721,1425,1908,1756
691_AlNasser.jpg,3024,4032,1,1946,1456,2033,1731
691_tung.jpg,720,1280,6,220,440,304,629
691_tung.jpg,720,1280,9,308,440,401,625
691_tung.jpg,720,1280,1,414,442,486,608
692_AlNasser.jpg,3024,4032,6,1546,1737,1777,2244
692_AlNasser.jpg,3024,4032,9,1815,1762,2052,2275
692_AlNasser.jpg,3024,4032,2,2052,1750,2340,2269
692_tung.jpg,720,1280,6,178,661,259,801
692_tung.jpg,720,1280,9,261,659,338,791
692_tung.jpg,720,1280,1,350,657,408,797
693_tung.jpg,720,1280,6,148,429,225,586
693_tung.jpg,720,1280,9,227,452,301,606
693_tung.jpg,720,1280,3,287,476,389,623
694_AlNasser.jpg,3024,4032,6,833,1725,977,2000
694_AlNasser.jpg,3024,4032,9,996,1731,1140,2012
694_AlNasser.jpg,3024,4032,4,1152,1737,1271,2006
695_Xiang.jpg,1080,1440,6,314,555,399,681
695_Xiang.jpg,1080,1440,9,399,547,464,672
695_Xiang.jpg,1080,1440,5,454,538,519,673
695_Xiang_2.jpg,3456,4608,6,755,1834,1025,2294
695_Xiang_2.jpg,3456,4608,9,980,1819,1225,2314
695_Xiang_2.jpg,3456,4608,5,1220,1804,1465,2294
696_Xiang.jpg,1080,1440,6,533,625,590,733
696_Xiang.jpg,1080,1440,9,598,628,654,724
696_Xiang.jpg,1080,1440,6,648,619,704,727
697_AlNasser.jpg,3024,4032,6,1190,2669,1402,3006
697_AlNasser.jpg,3024,4032,9,1377,2681,1590,3031
697_AlNasser.jpg,3024,4032,7,1602,2694,1746,3012
700_AlNasser.jpg,3024,4032,7,1346,1694,1552,2087
700_AlNasser.jpg,3024,4032,0,1552,1706,1733,2087
700_AlNasser.jpg,3024,4032,0,1733,1700,1958,2100
705_AlNasser.jpg,3024,4032,7,1383,1837,1590,2256
705_AlNasser.jpg,3024,4032,0,1596,1844,1833,2275
705_AlNasser.jpg,3024,4032,5,1827,1831,2040,2262
713_AlNasser.jpg,3024,4032,7,1202,2269,1402,2594
713_AlNasser.jpg,3024,4032,1,1458,2281,1608,2606
713_AlNasser.jpg,3024,4032,3,1596,2281,1783,2625
713_tung.jpg,720,1280,7,329,423,380,508
713_tung.jpg,720,1280,1,380,437,420,516
713_tung.jpg,720,1280,3,416,442,470,518
717_tung.jpg,720,1280,7,227,525,321,699
717_tung.jpg,720,1280,1,350,539,395,695
717_tung.jpg,720,1280,7,412,537,474,691
719_AlNasser.jpg,3024,4032,7,1265,2050,1552,2531
719_AlNasser.jpg,3024,4032,1,1577,2037,1783,2519
719_AlNasser.jpg,3024,4032,9,1746,2062,2002,2550
723_tung.jpg,720,1280,7,265,522,344,689
723_tung.jpg,720,1280,2,350,522,418,701
723_tung.jpg,720,1280,3,427,522,503,703
724_tung.jpg,720,1280,7,263,337,333,505
724_tung.jpg,720,1280,2,333,340,408,512
724_tung.jpg,720,1280,4,412,337,497,495
725_AlNasser.jpg,3024,4032,7,1333,1662,1565,2075
725_AlNasser.jpg,3024,4032,2,1571,1675,1765,2087
725_AlNasser.jpg,3024,4032,5,1771,1681,1971,2087
725_tung.jpg,720,1280,7,269,420,312,499
725_tung.jpg,720,1280,2,308,412,346,499
725_tung.jpg,720,1280,5,348,410,386,508
727_Xiang.jpg,1080,1440,7,371,555,458,707
727_Xiang.jpg,1080,1440,2,451,555,531,705
727_Xiang.jpg,1080,1440,7,531,562,619,704
728_tung.jpg,720,1280,7,214,561,286,661
728_tung.jpg,720,1280,2,272,537,329,655
728_tung.jpg,720,1280,8,329,512,389,646
728_Xiang.jpg,1080,1440,7,330,516,421,668
728_Xiang.jpg,1080,1440,2,407,519,482,670
728_Xiang.jpg,1080,1440,8,485,513,567,664
729_tung.jpg,720,1280,7,314,506,357,599
729_tung.jpg,720,1280,2,359,508,391,597
729_tung.jpg,720,1280,9,393,503,433,597
731_tung.jpg,720,1280,7,289,450,333,546
731_tung.jpg,720,1280,3,327,444,370,548
731_tung.jpg,720,1280,1,386,454,418,548
732_AlNasser.jpg,3024,4032,7,1265,1600,1496,2000
732_AlNasser.jpg,3024,4032,3,1508,1600,1708,2019
732_AlNasser.jpg,3024,4032,2,1715,1600,1946,2019
733_AlNasser.jpg,3024,4032,7,965,1887,1190,2325
733_AlNasser.jpg,3024,4032,3,1227,1869,1452,2331
733_AlNasser.jpg,3024,4032,3,1433,1844,1690,2325
735_tung.jpg,720,1280,7,191,488,269,655
735_tung.jpg,720,1280,3,272,488,348,659
735_tung.jpg,720,1280,5,348,489,427,669
736_tung.jpg,720,1280,7,253,518,335,691
736_tung.jpg,720,1280,3,342,520,410,697
736_tung.jpg,720,1280,6,410,512,486,705
737_tung.jpg,720,1280,7,235,406,287,503
737_tung.jpg,720,1280,3,282,393,327,497
737_tung.jpg,720,1280,7,320,384,386,472
739_tung.jpg,720,1280,7,174,493,238,610
739_tung.jpg,720,1280,3,220,478,287,595
739_tung.jpg,720,1280,9,280,452,325,569
743_tung.jpg,720,1280,7,221,459,278,578
743_tung.jpg,720,1280,4,265,440,333,550
743_tung.jpg,720,1280,3,327,418,369,548
745_tung.jpg,720,1280,7,338,391,389,522
745_tung.jpg,720,1280,4,370,448,448,537
745_tung.jpg,720,1280,5,397,474,497,563
747_tung.jpg,720,1280,7,214,454,278,567
747_tung.jpg,720,1280,4,267,440,323,535
747_tung.jpg,720,1280,7,306,425,369,523
749_tung.jpg,720,1280,7,246,501,297,618
749_tung.jpg,720,1280,4,295,501,344,614
749_tung.jpg,720,1280,9,342,501,416,625
752_AlNasser.jpg,3024,4032,7,1015,2400,1246,2800
752_AlNasser.jpg,3024,4032,5,1258,2406,1471,2806
752_AlNasser.jpg,3024,4032,2,1465,2394,1665,2819
755_tung.jpg,720,1280,7,252,350,316,484
755_tung.jpg,720,1280,5,320,346,374,482
755_tung.jpg,720,1280,5,378,342,440,472
756_tung.jpg,720,1280,7,218,322,284,493
756_tung.jpg,720,1280,5,293,320,369,497
756_tung.jpg,720,1280,6,376,323,455,493
759_tung.jpg,720,1280,7,187,505,248,633
759_tung.jpg,720,1280,5,246,505,310,644
759_tung.jpg,720,1280,9,310,501,376,639
759_Xiang.jpg,1080,1440,7,350,734,396,798
759_Xiang.jpg,1080,1440,5,386,736,427,792
759_Xiang.jpg,1080,1440,9,418,733,458,789
761_tung.jpg,720,1280,7,203,488,287,678
761_tung.jpg,720,1280,6,293,484,376,682
761_tung.jpg,720,1280,1,406,497,482,667
768_tung.jpg,720,1280,7,255,548,304,654
768_tung.jpg,720,1280,6,303,546,344,657
768_tung.jpg,720,1280,8,350,552,399,663
771_tung.jpg,720,1280,7,301,474,346,571
771_tung.jpg,720,1280,7,348,474,382,567
771_tung.jpg,720,1280,1,384,471,423,567
772_tung.jpg,720,1280,7,248,469,304,546
772_tung.jpg,720,1280,7,289,457,344,522
772_tung.jpg,720,1280,2,308,422,367,510
772_Xiang.jpg,1080,1440,7,324,530,416,681
772_Xiang.jpg,1080,1440,7,416,539,493,684
772_Xiang.jpg,1080,1440,2,487,541,570,690
775_tung.jpg,720,1280,7,316,384,376,474
775_tung.jpg,720,1280,7,344,416,423,506
775_tung.jpg,720,1280,5,374,455,448,531
776_AlNasser.jpg,3024,4032,7,1202,2050,1365,2375
776_AlNasser.jpg,3024,4032,7,1390,2056,1540,2375
776_AlNasser.jpg,3024,4032,6,1546,2044,1696,2381
776_tung.jpg,720,1280,7,261,505,323,606
776_tung.jpg,720,1280,7,310,531,369,620
776_tung.jpg,720,1280,6,342,555,416,655
780_AlNasser.jpg,3024,4032,7,1627,1931,1796,2325
780_AlNasser.jpg,3024,4032,8,1802,1944,2015,2338
780_AlNasser.jpg,3024,4032,0,2021,1944,2258,2331
781_AlNasser.jpg,3024,4032,7,1533,1137,1721,1500
781_AlNasser.jpg,3024,4032,8,1740,1137,2008,1519
781_AlNasser.jpg,3024,4032,1,2021,1144,2165,1512
796_tung.jpg,720,1280,7,274,342,331,459
796_tung.jpg,720,1280,9,333,335,389,469
796_tung.jpg,720,1280,6,382,335,448,459
797_Xiang.jpg,1080,1440,7,360,738,395,798
797_Xiang.jpg,1080,1440,9,393,733,426,799
797_Xiang.jpg,1080,1440,7,424,731,455,785
800_tung.jpg,720,1280,8,263,359,329,469
800_tung.jpg,720,1280,0,325,354,389,480
800_tung.jpg,720,1280,0,376,359,450,491
801_AlNasser.jpg,3024,4032,8,1752,1794,2021,2237
801_AlNasser.jpg,3024,4032,0,2008,1794,2277,2250
801_AlNasser.jpg,3024,4032,1,2321,1819,2521,2244
802_tung.jpg,720,1280,8,233,357,293,472
802_tung.jpg,720,1280,0,289,342,348,486
802_tung.jpg,720,1280,2,344,344,416,484
805_AlNasser.jpg,3024,4032,8,1327,1981,1533,2369
805_AlNasser.jpg,3024,4032,0,1533,1975,1733,2375
805_AlNasser.jpg,3024,4032,5,1740,1981,1921,2369
806_tung.jpg,720,1280,8,165,610,237,754
806_tung.jpg,720,1280,0,240,610,306,744
806_tung.jpg,720,1280,6,306,606,382,752
807_tung.jpg,720,1280,8,203,569,267,699
807_tung.jpg,720,1280,0,267,563,335,691
807_tung.jpg,720,1280,7,333,559,399,686
808_tung.jpg,720,1280,8,257,461,316,578
808_tung.jpg,720,1280,0,321,459,367,571
808_tung.jpg,720,1280,8,370,455,425,574
809_tung.jpg,720,1280,8,176,629,238,750
809_tung.jpg,720,1280,0,246,627,303,755
809_tung.jpg,720,1280,9,303,629,369,765
812_AlNasser.jpg,3024,4032,8,1265,1725,1440,2050
812_AlNasser.jpg,3024,4032,1,1446,1737,1627,2050
812_AlNasser.jpg,3024,4032,2,1633,1731,1827,2062
818_AlNasser.jpg,3024,4032,8,1240,1737,1427,2119
818_AlNasser.jpg,3024,4032,1,1452,1762,1621,2119
818_AlNasser.jpg,3024,4032,8,1640,1775,1808,2137
818_tung.jpg,720,1280,8,253,533,316,650
818_tung.jpg,720,1280,1,337,539,374,648
818_tung.jpg,720,1280,8,372,533,429,654
824_tung.jpg,720,1280,8,257,523,318,648
824_tung.jpg,720,1280,2,316,514,374,642
824_tung.jpg,720,1280,4,376,516,438,633
830_tung.jpg,720,1280,8,212,563,291,706
830_tung.jpg,720,1280,3,287,559,353,703
830_tung.jpg,720,1280,0,355,554,425,693
831_tung.jpg,720,1280,8,229,522,295,640
831_tung.jpg,720,1280,3,293,518,340,637
831_tung.jpg,720,1280,1,378,523,416,640
832_AlNasser.jpg,3024,4032,8,1108,2231,1390,2712
832_AlNasser.jpg,3024,4032,3,1415,2237,1677,2712
832_AlNasser.jpg,3024,4032,2,1671,2231,1915,2725
832_AlNasser_1.jpg,3024,4032,8,1133,2000,1446,2525
832_AlNasser_1.jpg,3024,4032,3,1440,2006,1708,2512
832_AlNasser_1.jpg,3024,4032,2,1696,2019,1965,2525
851_tung.jpg,720,1280,8,140,616,199,754
851_tung.jpg,720,1280,5,195,614,261,748
851_tung.jpg,720,1280,1,301,616,333,755
855_Xiang.jpg,1080,1440,8,359,512,438,673
855_Xiang.jpg,1080,1440,5,442,518,528,679
855_Xiang.jpg,1080,1440,5,522,519,604,670
856_tung.jpg,720,1280,8,106,589,203,772
856_tung.jpg,720,1280,5,201,591,278,780
856_tung.jpg,720,1280,6,287,584,372,767
860_AlNasser.jpg,3024,4032,8,1240,1187,1515,1662
860_AlNasser.jpg,3024,4032,6,1515,1194,1746,1675
860_AlNasser.jpg,3024,4032,0,1740,1200,2008,1675
860_tung.jpg,720,1280,8,144,616,212,759
860_tung.jpg,720,1280,6,216,616,289,761
860_tung.jpg,720,1280,0,287,614,365,769
869_Xiang.jpg,1080,1440,8,328,610,395,726
869_Xiang.jpg,1080,1440,6,392,618,437,720
869_Xiang.jpg,1080,1440,9,449,623,500,721
871_AlNasser.jpg,3024,4032,8,1277,1956,1527,2456
871_AlNasser.jpg,3024,4032,7,1565,1956,1808,2456
871_AlNasser.jpg,3024,4032,1,1827,1969,2065,2450
896_AlNasser.jpg,3024,4032,8,1308,1824,1596,2375
896_AlNasser.jpg,3024,4032,9,1602,1837,1846,2375
896_AlNasser.jpg,3024,4032,6,1865,1844,2165,2387
917_AlNasser.jpg,3024,4032,9,1408,1619,1640,2087
917_AlNasser.jpg,3024,4032,1,1665,1631,1915,2100
917_AlNasser.jpg,3024,4032,7,1927,1631,2152,2119
920_Xiang.jpg,1080,1440,9,364,565,423,686
920_Xiang.jpg,1080,1440,2,423,575,484,682
920_Xiang.jpg,1080,1440,0,476,580,547,690
940_AlNasser.jpg,3024,4032,9,1533,1556,1746,1931
940_AlNasser.jpg,3024,4032,4,1740,1569,1921,1931
940_AlNasser.jpg,3024,4032,0,1908,1562,2077,1931
946_AlNasser.jpg,3024,4032,9,1471,1644,1715,2044
946_AlNasser.jpg,3024,4032,4,1733,1644,1927,2056
946_AlNasser.jpg,3024,4032,6,1921,1650,2133,2069
972_tung.jpg,720,1280,9,225,648,299,780
972_tung.jpg,720,1280,7,304,654,365,791
972_tung.jpg,720,1280,2,363,648,431,776
